{
  "index_cols": [
    "col_50",
    "col_11",
    "col_42",
    "col_48",
    "col_46",
    "col_30"
  ],
  "index_idxs": [
    50,
    11,
    42,
    48,
    46,
    30
  ],
  "farmer_cols": [
    "col_00",
    "col_01",
    "col_02",
    "col_03",
    "col_04",
    "col_05",
    "col_06",
    "col_07",
    "col_08",
    "col_09",
    "col_10",
    "col_12",
    "col_13",
    "col_14",
    "col_15",
    "col_16",
    "col_17",
    "col_18",
    "col_19",
    "col_20",
    "col_21",
    "col_22",
    "col_23",
    "col_24",
    "col_25",
    "col_26",
    "col_27",
    "col_28",
    "col_29",
    "col_31",
    "col_32",
    "col_33",
    "col_34",
    "col_35",
    "col_36",
    "col_37",
    "col_38",
    "col_39",
    "col_40",
    "col_41",
    "col_43",
    "col_44",
    "col_45",
    "col_47",
    "col_49",
    "col_51",
    "col_52"
  ],
  "farmer_idxs": [
    0,
    1,
    2,
    3,
    4,
    5,
    6,
    7,
    8,
    9,
    10,
    12,
    13,
    14,
    15,
    16,
    17,
    18,
    19,
    20,
    21,
    22,
    23,
    24,
    25,
    26,
    27,
    28,
    29,
    31,
    32,
    33,
    34,
    35,
    36,
    37,
    38,
    39,
    40,
    41,
    43,
    44,
    45,
    47,
    49,
    51,
    52
  ],
  "cols": [
    "col_00",
    "col_01",
    "col_02",
    "col_03",
    "col_04",
    "col_05",
    "col_06",
    "col_07",
    "col_08",
    "col_09",
    "col_10",
    "col_11",
    "col_12",
    "col_13",
    "col_14",
    "col_15",
    "col_16",
    "col_17",
    "col_18",
    "col_19",
    "col_20",
    "col_21",
    "col_22",
    "col_23",
    "col_24",
    "col_25",
    "col_26",
    "col_27",
    "col_28",
    "col_29",
    "col_30",
    "col_31",
    "col_32",
    "col_33",
    "col_34",
    "col_35",
    "col_36",
    "col_37",
    "col_38",
    "col_39",
    "col_40",
    "col_41",
    "col_42",
    "col_43",
    "col_44",
    "col_45",
    "col_46",
    "col_47",
    "col_48",
    "col_49",
    "col_50",
    "col_51",
    "col_52"
  ],
  "decompositions": {
    "col_50": {
      "method": "greedy",
      "farmer_idxs": [
        42,
        32,
        26
      ],
      "coefs": [
        0.5863853860047566,
        0.22475349093177005,
        0.18886112306347347
      ]
    },
    "col_11": {
      "method": "greedy",
      "farmer_idxs": [
        42,
        28,
        20,
        7,
        22
      ],
      "coefs": [
        0.30757051953010284,
        0.3424167802622368,
        0.21276196529370092,
        0.07462846221212274,
        0.06262227270183678
      ]
    },
    "col_42": {
      "method": "greedy_farmers_filled",
      "farmer_idxs": [
        26,
        28
      ],
      "coefs": [
        0.5955360023826085,
        0.4044639976173915
      ]
    },
    "col_48": {
      "method": "greedy_farmers_filled",
      "farmer_idxs": [
        5,
        23,
        45,
        4,
        26
      ],
      "coefs": [
        0.5453628603901338,
        0.12688240846003876,
        0.13482816988525892,
        0.09683765213821494,
        0.09608890912635357
      ]
    },
    "col_46": {
      "method": "greedy_farmers_filled",
      "farmer_idxs": [
        30,
        34,
        32,
        15,
        5,
        9,
        23,
        37,
        20
      ],
      "coefs": [
        0.06683228017149341,
        0.22587231304138747,
        0.11626028487196848,
        0.2875194532562889,
        0.07267631178099201,
        0.1046476840560221,
        0.0751893263761384,
        0.025663315962625898,
        0.02533903048308336
      ]
    },
    "col_30": {
      "method": "greedy_farmers_filled",
      "farmer_idxs": [
        26,
        34,
        9,
        19,
        40,
        24,
        45,
        29,
        28
      ],
      "coefs": [
        0.19763938913582735,
        0.14651339173374245,
        0.15322029965118925,
        0.20007333127326016,
        0.1314483863821921,
        0.05154644954708215,
        0.07850777893891694,
        0.01891381059551305,
        0.022137162742276513
      ]
    }
  }
}