{
  "best_rank": 47,
  "final_rmse": 0.01806412637233734,
  "rank_results": [],
  "decompositions": {
    "col_50": {
      "method": "greedy",
      "farmer_idxs": [
        42,
        32,
        26
      ],
      "coefs": [
        0.5863853860047566,
        0.22475349093177005,
        0.18886112306347347
      ]
    },
    "col_11": {
      "method": "greedy",
      "farmer_idxs": [
        42,
        28,
        20,
        7,
        22
      ],
      "coefs": [
        0.30757051953010284,
        0.3424167802622368,
        0.21276196529370092,
        0.07462846221212274,
        0.06262227270183678
      ]
    },
    "col_42": {
      "method": "greedy_farmers_filled",
      "farmer_idxs": [
        26,
        28
      ],
      "coefs": [
        0.5955360023826085,
        0.4044639976173915
      ]
    },
    "col_48": {
      "method": "greedy_farmers_filled",
      "farmer_idxs": [
        5,
        23,
        45,
        4,
        26
      ],
      "coefs": [
        0.5453628603901338,
        0.12688240846003876,
        0.13482816988525892,
        0.09683765213821494,
        0.09608890912635357
      ]
    },
    "col_46": {
      "method": "greedy_farmers_filled",
      "farmer_idxs": [
        30,
        34,
        32,
        15,
        5,
        9,
        23,
        37,
        20
      ],
      "coefs": [
        0.06683228017149341,
        0.22587231304138747,
        0.11626028487196848,
        0.2875194532562889,
        0.07267631178099201,
        0.1046476840560221,
        0.0751893263761384,
        0.025663315962625898,
        0.02533903048308336
      ]
    },
    "col_30": {
      "method": "greedy_farmers_filled",
      "farmer_idxs": [
        26,
        34,
        9,
        19,
        40,
        24,
        45,
        29,
        28
      ],
      "coefs": [
        0.19763938913582735,
        0.14651339173374245,
        0.15322029965118925,
        0.20007333127326016,
        0.1314483863821921,
        0.05154644954708215,
        0.07850777893891694,
        0.01891381059551305,
        0.022137162742276513
      ]
    }
  }
}