{
  "best_rank": 47,
  "final_rmse": 0.004490082152187824,
  "rank_results": [],
  "decompositions": {
    "col_50": {
      "method": "greedy",
      "farmer_idxs": [
        42,
        32,
        26
      ],
      "coefs": [
        0.5863853860047566,
        0.22475349093177005,
        0.18886112306347347
      ]
    },
    "col_11": {
      "method": "greedy",
      "farmer_idxs": [
        42,
        28,
        20,
        7,
        22
      ],
      "coefs": [
        0.30757051953010284,
        0.3424167802622368,
        0.21276196529370092,
        0.07462846221212274,
        0.06262227270183678
      ]
    },
    "col_42": {
      "method": "greedy_farmers_filled",
      "farmer_idxs": [
        26,
        28
      ],
      "coefs": [
        0.5955360023826085,
        0.4044639976173915
      ]
    },
    "col_48": {
      "method": "greedy_farmers_filled",
      "farmer_idxs": [
        5,
        23,
        45,
        4,
        26
      ],
      "coefs": [
        0.5453628617290744,
        0.12688240627430208,
        0.13482817154593474,
        0.09683764751959688,
        0.0960889129310919
      ]
    },
    "col_46": {
      "method": "greedy_farmers_filled",
      "farmer_idxs": [
        30,
        34,
        32,
        15,
        5,
        9,
        23,
        37,
        20
      ],
      "coefs": [
        0.06683227316669604,
        0.22587231484764173,
        0.11626028445918024,
        0.287519457018712,
        0.07267631150294535,
        0.10464768802854252,
        0.07518932901757606,
        0.025663315541063828,
        0.02533902641764206
      ]
    },
    "col_30": {
      "method": "greedy_farmers_filled",
      "farmer_idxs": [
        26,
        34,
        9,
        19,
        40,
        24,
        45,
        29,
        28
      ],
      "coefs": [
        0.19763934899230995,
        0.14651337909848913,
        0.1532202980612611,
        0.20007337498240188,
        0.13144842275065885,
        0.05154645737392722,
        0.07850774857908853,
        0.01891380547699161,
        0.022137164684871754
      ]
    }
  }
}